{
    "weights": [
        -1.0773048990744427,
        0.3212031022113133,
        0.8541830504449385,
        -0.5490846606474071,
        -0.1745782600845057,
        -0.9935015954306972,
        -0.7185097243759888,
        -0.6126970652742774,
        0.4999980050788275,
        -0.016646542367174375,
        -0.11234359998061239,
        0.11223473937285125,
        0.42267891859386975,
        -0.3339772854808953,
        -0.1751119153658661,
        -0.0032348326669496136,
        -0.11811743979580513,
        0.6872311697258247,
        0.4333272777952543,
        -0.49943472166056313,
        -0.9529093553405841,
        -0.38988832716367666,
        0.18122366653537808,
        0.12399790040597153,
        -0.38533183640754426,
        0.7251669761996256,
        0.8981752056228273,
        0.8063760045841719,
        -0.685249462489507,
        -0.11337303315728636,
        0.699904562735336,
        -0.07171157114652316,
        0.5795374388345066,
        -0.40197470829469717,
        0.3574280008263714,
        0.7462391968958182,
        0.573934053758704,
        -0.7839623501794953,
        -0.44045908407938095,
        -0.16640140241046347,
        -0.7779739039043634,
        -0.3974921054815741,
        0.2456812023576135,
        0.3710574894495996,
        -0.16993801963741165,
        -0.6159995416758551,
        0.7655739214290148,
        1.0058834908559668,
        0.12336992146605874,
        -1.3331296029441448,
        0.1315817461606319,
        -0.21316589685327414,
        -0.11008845976444459,
        0.22171026095582488,
        -1.4685531016715239,
        0.23832103392523574,
        -0.7306612775757398,
        -0.316670880141546,
        0.7390135993394085,
        -0.7923247689816367,
        0.4777102366959388,
        0.8904851328050007,
        0.11632703768470609,
        -0.28043139230002134,
        -0.8957238121819646,
        1.6778130549660377
    ],
    "fitness": 10771.965952897175,
    "generation": 78,
    "timestamp": "2026-07-02 16:53:51"
}