{
    "weights": [
        0.10640531155923853,
        -0.07120830276083034,
        -0.23447880220230294,
        -0.2458169323371315,
        0.7286154605839854,
        -0.9658635009769407,
        -0.06125107437265376,
        -0.2947538788650117,
        -0.09643381127796924,
        -0.03501873860524607,
        -0.977259114550943,
        0.7384987855883938,
        0.22434896917223732,
        -0.09326032614742194,
        0.4849716027843738,
        0.4774567248951221,
        1.0082388874219277,
        0.2206658716215724,
        0.16110744344001424,
        -0.5419030828123615,
        -0.9498994426859051,
        0.2218882621292474,
        0.6201647346462479,
        -0.40436404846169594,
        0.2603585483446904,
        0.499857534063442,
        -0.8082271954121766,
        -0.6720407624679492,
        0.5651816296223395,
        0.011256451247241728,
        0.9546598117237902,
        -0.2786825352584226,
        0.7884882751091344,
        0.7759439048398739,
        -0.33729581175900875,
        0.38569582259126567,
        -0.8173777773221969,
        -0.23758878681118556,
        0.7660666314522147,
        -1.0884222222656406,
        0.6090924708434668,
        -0.4565378924002459,
        -0.446073350397167,
        -0.6802367128000484,
        -0.07740874353472726,
        -0.3635354242408726,
        0.9655454782111348,
        -0.11768427058626085,
        -0.5838376557044437,
        -0.3876281860052069,
        -0.22909298235909192,
        0.25969749891531235,
        0.6815642335113024,
        0.26280282125359355,
        -0.9033073138562218,
        -0.6298759866183536,
        1.0892470900102567,
        0.7205790189268892,
        -1.2128342476018892,
        -0.47040749258651277,
        -0.6179365996638788,
        1.1221090471593085,
        -0.7586731360044084,
        -0.8830558466754479,
        0.9117188379121439,
        1.1342024570092513
    ],
    "fitness": 10729.12445512888,
    "generation": 20,
    "timestamp": "2026-07-02 16:15:30"
}